host	ebird_species
ABDU	American Black Duck
ABFL	Asian Brown Flycatcher
ABOW	American Barn Owl
ABTO	Abert's Towhee
ACFL	Acadian Flycatcher
ACWO	Acorn Woodpecker
ADWA	Adelaide's Warbler
AFCD	African Collared-Dove
AFOW	Ashy-faced Owl
AFSI	African Silverbill
AGHE	Agami Heron
AGOL	American Goldfinch
AGOS	American Goshawk
AHGU	American Herring Gull
AHJA	Azure-hooded Jay
AISP	Ainley's Storm-Petrel
AKEK	Akekee
AKIA	Akiapolaau
AKIK	Akikiki
AKOH	Akohekohe
ALFL	Alder Flycatcher
ALHU	Allen's Hummingbird
ALOR	Altamira Oriole
ALSW	Alpine Swift
ALTE	Aleutian Tern
ALYE	Altamira Yellowthroat
AMAU	Amaui
AMAV	American Avocet
AMBI	American Bittern
AMCO	American Coot
AMCR	American Crow
AMDI	American Dipper
AMFL	American Flamingo
AMGP	American Golden-Plover
AMHU	Amazilia Hummingbird
AMKE	American Kestrel
AMKI	Amazon Kingfisher
AMOY	American Oystercatcher
AMPI	American Pipit
AMRE	American Redstart
AMRO	American Robin
AMWI	American Wigeon
AMWO	American Woodcock
ANCH	Antillean Crested Hummingbird
ANHI	Anhinga
ANHU	Anna's Hummingbird
ANIA	Anianiau
ANMU	Ancient Murrelet
ANNI	Antillean Nighthawk
ANPI	Antillean Piculet
ANPS	Antillean Palm-Swift
ANSI	Antillean Siskin
APAP	Apapane
APFA	Aplomado Falcon
APKI	American Pygmy Kingfisher
ARLO	Arctic Loon
ARRW	Arrowhead Warbler
ARTA	Azure-rumped Tanager
ARTE	Arctic Tern
ARWA	Arctic Warbler
ARWO	Arizona Woodpecker
ASRF	Asian Rosy-Finch
ASSP	Ashy Storm-Petrel
ASST	Asian Stonechat
ATCH	Ashy-throated Chlorospingus
ATFL	Ash-throated Flycatcher
ATGR	Atitlan Grebe
ATMG	Amethyst-throated Mountain-gem
ATPU	Atlantic Puffin
ATSP	American Tree Sparrow
ATTW	American Three-toed Woodpecker
AUOR	Audubon's Oriole
AWPE	American White Pelican
AZCH	Azure-crowned Hummingbird
AZGA	Azure Gallinule
AZRA	Aztec Rail
AZTH	Aztec Thrush
BAAN	Barred Antshrike
BABE	Barred Becard
BABU	Barbados Bullfinch
BABW	Band-backed Wren
BACA	Bare-crowned Antbird
BACS	Bachman's Sparrow
BAEA	Bald Eagle
BAFA	Bat Falcon
BAFF	Barred Forest-Falcon
BAGO	Barrow's Goldeneye
BAGT	Blue-and-gold Tanager
BAHA	Barred Hawk
BAHO	Bahama Oriole
BAHS	Bahama Swallow
BAHW	Bahama Warbler
BAIS	Baird's Sparrow
BAJU	Baird's Junco
BAMO	Bahama Mockingbird
BANA	Bananaquit
BANS	Bank Swallow
BANU	Bahama Nuthatch
BANW	Banded Wren
BAOR	Baltimore Oriole
BAOW	Barred Owl
BAPA	Barred Parakeet
BAPU	Barred Puffbird
BAQU	Banded Quail
BARG	Barnacle Goose
BARS	Barn Swallow
BARW	Barbuda Warbler
BASA	Baird's Sandpiper
BASH	Barolo Shearwater
BASO	Balsas Screech-Owl
BATE	Baikal Teal
BATR	Baird's Trogon
BAWA	Bachman's Warbler
BAWB	Black-and-white Becard
BAWH	Black-and-white Hawk-Eagle
BAWM	Blue-and-white Mockingbird
BAWO	Bahama Woodstar
BAWS	Blue-and-white Swallow
BAWW	Black-and-white Warbler
BAYE	Bahama Yellowthroat
BAYM	Blue-and-yellow Macaw
BAYS	Black-and-yellow Silky-flycatcher
BAYT	Black-and-yellow Tanager
BAYW	Bay Wren
BBAL	Black-browed Albatross
BBAM	Black-billed Amazon
BBCU	Black-billed Cuckoo
BBEH	Buff-bellied Hummingbird
BBEW	Black-bellied Wren
BBFL	Buff-breasted Flycatcher
BBGR	Blue-black Grassquit
BBHE	Boat-billed Heron
BBIH	Broad-billed Hummingbird
BBIS	Broad-billed Sandpiper
BBMA	Black-billed Magpie
BBMO	Broad-billed Motmot
BBNT	Black-billed Nightingale-Thrush
BBNW	Black-banded Woodcreeper
BBOR	Black-backed Oriole
BBPL	Black-bellied Plover
BBPU	Black-breasted Puffbird
BBRC	Bay-breasted Cuckoo
BBRW	Buff-breasted Wren
BBSA	Buff-breasted Sandpiper
BBSC	Brown-billed Scythebill
BBSO	Brown-backed Solitaire
BBSP	Black-bellied Storm-Petrel
BBST	Black-billed Streamertail
BBTO	Broad-billed Tody
BBWA	Bay-breasted Warbler
BBWD	Black-bellied Whistling-Duck
BBWO	Black-backed Woodpecker
BBWQ	Black-breasted Wood-Quail
BBWT	Blue-billed White-Tern
BCAF	Black-capped Flycatcher
BCAH	Blue-capped Hummingbird
BCAP	Black-crowned Antpitta
BCAS	Black-crowned Antshrike
BCAT	Black-cheeked Ant-Tanager
BCAV	Brown-capped Vireo
BCCH	Black-capped Chickadee
BCCO	Black-crested Coquette
BCDO	Black-capped Donacobius
BCFL	Brown-crested Flycatcher
BCGN	Black-capped Gnatcatcher
BCHA	Black-collared Hawk
BCHH	Blue-chested Hummingbird
BCHJ	Black-chested Jay
BCHS	Black-chested Sparrow
BCHU	Black-chinned Hummingbird
BCMA	Brown-chested Martin
BCMO	Blue-capped Motmot
BCNH	Black-crowned Night Heron
BCNI	Buff-collared Nightjar
BCOF	Bran-colored Flycatcher
BCOR	Black-cowled Oriole
BCPE	Black-capped Petrel
BCRC	Blue-crowned Chlorophonia
BCRF	Brown-capped Rosy-Finch
BCRJ	Bushy-crested Jay
BCRT	Black-crowned Tityra
BCSI	Black-capped Siskin
BCSP	Black-chinned Sparrow
BCSW	Black-capped Swallow
BCTI	Black-crested Titmouse
BCTY	Brown-capped Tyrannulet
BCVI	Black-capped Vireo
BCWA	Black-cheeked Warbler
BCWO	Black-cheeked Woodpecker
BCWP	Buffy-crowned Wood-Partridge
BEAH	Beautiful Hummingbird
BEEH	Bee Hummingbird
BEFL	Belted Flycatcher
BEGU	Belcher's Gull
BEHU	Berylline Hummingbird
BEKI	Belted Kingfisher
BEPE	Bermuda Petrel
BESO	Bearded Screech-Owl
BESP	Bell's Sparrow
BETH	Bendire's Thrasher
BETR	Beautiful Treerunner
BEVI	Bell's Vireo
BEWP	Bearded Wood-Partridge
BEWQ	Black-eared Wood-Quail
BEWR	Bewick's Wren
BEYE	Belding's Yellowthroat
BFAG	Black-faced Grosbeak
BFAL	Black-footed Albatross
BFAN	Black-faced Antthrush
BFBO	Blue-footed Booby
BFFG	Buff-fronted Foliage-gleaner
BFGR	Black-faced Grassquit
BFPA	Blue-fronted Parrotlet
BFQD	Buff-fronted Quail-Dove
BFSO	Black-faced Solitaire
BGDO	Blue Ground Dove
BGGN	Blue-gray Gnatcatcher
BGNO	Blue-gray Noddy
BGRO	Blue-black Grosbeak
BGTA	Blue-gray Tanager
BHBR	Black-headed Brushfinch
BHCO	Brown-headed Cowbird
BHEA	Black-headed Antthrush
BHEP	Blue-headed Parrot
BHGR	Black-headed Grosbeak
BHGU	Black-headed Gull
BHHU	Blue-headed Hummingbird
BHNT	Black-headed Nightingale-Thrush
BHNU	Brown-headed Nuthatch
BHOA	Black-hooded Antshrike
BHOP	Brown-hooded Parrot
BHQD	Blue-headed Quail-Dove
BHSA	Black-headed Saltator
BHSI	Black-headed Siskin
BHTA	Bay-headed Tanager
BHTF	Black-headed Tody-Flycatcher
BHTR	Black-headed Trogon
BHVI	Blue-headed Vireo
BIAN	Bicolored Antbird
BIHA	Bicolored Hawk
BIOO	Bishop's Oo
BITH	Bicknell's Thrush
BIWR	Bicolored Wren
BLAG	Black Guan
BLAK	Black Kite
BLAN	Black Antshrike
BLBF	Black-billed Flycatcher
BLBH	Black-bellied Hummingbird
BLBU	Blue Bunting
BLBW	Blackburnian Warbler
BLCA	Black Catbird
BLCO	Blue Cotinga
BLDA	Blue Dacnis
BLFR	Black Francolin
BLGR	Blue Grosbeak
BLGU	Black Guillemot
BLHE	Black Hawk-Eagle
BLJA	Blue Jay
BLKI	Black-legged Kittiwake
BLMA	Black Mamo
BLMO	Blue Mockingbird
BLNO	Black Noddy
BLOR	Black Oropendola
BLOW	Bare-legged Owl
BLOY	Black Oystercatcher
BLPH	Black Phoebe
BLPW	Blackpoll Warbler
BLRA	Black Rail
BLRF	Black Rosy-Finch
BLRT	Blue Rock-thrush
BLRW	Black-rumped Waxbill
BLSC	Black Scoter
BLSE	Blue Seedeater
BLSK	Black Skimmer
BLSP	Black Storm-Petrel
BLSW	Black Swift
BLTE	Black Tern
BLTG	Black-tailed Godwit
BLTH	Black Thrush
BLTU	Black Turnstone
BLUE	Bluethroat
BLVU	Black Vulture
BLWO	Black-and-white Owl
BMVI	Blue Mountain Vireo
BNIB	Buff-necked Ibis
BNST	Black-necked Stilt
BNUM	Bare-necked Umbrellabird
BOBF	Boat-billed Flycatcher
BOBO	Bobolink
BOCH	Boreal Chickadee
BOGU	Bonaparte's Gull
BOOW	Boreal Owl
BOPE	Bonin Petrel
BOPT	Bronze-olive Pygmy-Tyrant
BOSP	Botteri's Sparrow
BOWA	Bohemian Waxwing
BOWR	Boucard's Wren
BPLT	Black-crowned Palm-Tanager
BPYE	Black-polled Yellowthroat
BPYT	Black-capped Pygmy-Tyrant
BRAC	Brandt's Cormorant
BRAM	Brambling
BRAN	Brant
BRAT	Bright-rumped Attila
BRBL	Brewer's Blackbird
BRBO	Brown Booby
BRCR	Brown Creeper
BREM	Brace's Emerald
BREW	Blyth's Reed Warbler
BRHE	Bronzy Hermit
BRIS	Bridled Sparrow
BRJA	Brown Jay
BRMA	Bronze Mannikin
BRNO	Brown Noddy
BROC	Bronzed Cowbird
BROS	Brown Shrike
BRPE	Brown Pelican
BRQD	Bridled Quail-Dove
BRSP	Brewer's Sparrow
BRSW	Band-rumped Swift
BRTE	Bridled Tern
BRTH	Brown Thrasher
BRTI	Bridled Titmouse
BRTR	Brown Trembler
BRTW	Brownish Twistwing
BRVI	Brown Violetear
BRYS	Bryan's Shearwater
BSSO	Bare-shanked Screech-Owl
BSTP	Band-rumped Storm-Petrel
BSTS	Black-striped Sparrow
BSWO	Black-striped Woodcreeper
BTAH	Blue-tailed Hummingbird
BTBA	Band-tailed Barbthroat
BTBO	Black-throated Bobwhite
BTBW	Black-throated Blue Warbler
BTCO	Black-tipped Cotinga
BTCU	Bristle-thighed Curlew
BTFL	Black-tailed Flycatcher
BTGG	Black-thighed Grosbeak
BTGN	Black-tailed Gnatcatcher
BTGO	Bar-tailed Godwit
BTGR	Boat-tailed Grackle
BTGU	Black-tailed Gull
BTHU	Broad-tailed Hummingbird
BTJA	Black-throated Jay
BTMA	Black-throated Mango
BTMG	Blue-throated Mountain-gem
BTMJ	Black-throated Magpie-Jay
BTMO	Blue-throated Motmot
BTNW	Black-throated Green Warbler
BTPA	Brown-throated Parakeet
BTPI	Band-tailed Pigeon
BTPL	Bronze-tailed Plumeleteer
BTRG	Blue-throated Goldentail
BTSA	Buff-throated Saltator
BTSP	Black-throated Sparrow
BTST	Black-throated Shrike-Tanager
BTTH	Bare-throated Tiger-Heron
BTTR	Black-tailed Trogon
BTWR	Black-throated Wren
BTYW	Black-throated Gray Warbler
BUFF	Bufflehead
BUHU	Bumblebee Hummingbird
BULS	Buller's Shearwater
BUOR	Bullock's Oriole
BUOW	Burrowing Owl
BUPE	Bulwer's Petrel
BURW	Buff-rumped Warbler
BUSH	Bushtit
BUTU	Buffy Tuftedcheek
BVHU	Blue-vented Hummingbird
BVOR	Black-vented Oriole
BVSH	Black-vented Shearwater
BWHA	Broad-winged Hawk
BWOR	Bar-winged Oriole
BWPE	Black-winged Petrel
BWST	Black-winged Stilt
BWTE	Blue-winged Teal
BWVI	Black-whiskered Vireo
BWWA	Blue-winged Warbler
CAAU	Cassin's Auklet
CABW	Cabanis's Wren
CACG	Cackling Goose
CACH	Carolina Chickadee
CACO	California Condor
CACR	Cassia Crossbill
CACW	Cactus Wren
CADO	Caribbean Dove
CAEL	Caribbean Elaenia
CAEM	Canivet's Emerald
CAFI	Cassin's Finch
CAGN	California Gnatcatcher
CAGO	Canada Goose
CAGR	Carib Grackle
CAGS	Cabanis's Ground-Sparrow
CAGU	California Gull
CAHE	Capped Heron
CAHU	Calliope Hummingbird
CAJA	Canada Jay
CAKI	Cassin's Kingbird
CAKW	Canebrake Wren
CALT	California Towhee
CAMA	Caribbean Martin
CANG	Canada Goose
CANT	Canyon Towhee
CANV	Canvasback
CANW	Canyon Wren
CAPA	Carolina Parakeet
CAPO	Central American Pygmy-Owl
CAQU	California Quail
CARW	Carolina Wren
CASJ	California Scrub-Jay
CASP	Cassin's Sparrow
CASW	Cave Swallow
CATA	Carmiol's Tanager
CATE	Caspian Tern
CATH	California Thrasher
CATY	Cattle Tyrant
CAVI	Cassin's Vireo
CAWA	Canada Warbler
CBAN	Chestnut-backed Antbird
CBCH	Chestnut-backed Chickadee
CBCU	Chestnut-bellied Cuckoo
CBFL	Cinnamon-bellied Flowerpiercer
CBSA	Chestnut-bellied Sandgrouse
CBTA	Crimson-backed Tanager
CBTH	Curve-billed Thrasher
CBWO	Crimson-bellied Woodpecker
CCAW	Chestnut-capped Warbler
CCBR	Chestnut-capped Brushfinch
CCGR	Crimson-collared Grosbeak
CCHA	Common Chaffinch
CCHI	Common Chiffchaff
CCLO	Chestnut-collared Longspur
CCOW	Chestnut-colored Woodpecker
CCRA	Common Crane
CCRW	Crimson-crested Woodpecker
CCSP	Clay-colored Sparrow
CCSW	Chestnut-collared Swift
CCTA	Crimson-collared Tanager
CCTH	Clay-colored Thrush
CCWA	Crescent-chested Warbler
CEDW	Cedar Waxwing
CERW	Cerulean Warbler
CFMA	Chestnut-fronted Macaw
CFPA	Crimson-fronted Parakeet
CGDO	Common Ground Dove
CGWO	Cuban Green Woodpecker
CHAL	Chatham Albatross
CHAS	Chapman's Swift
CHEG	Chinese Egret
CHEM	Coppery-headed Emerald
CHFG	Chiriqui Foliage-gleaner
CHHU	Charming Hummingbird
CHIS	Chinese Sparrowhawk
CHME	Chihuahuan Meadowlark
CHMU	Chestnut Munia
CHOR	Chestnut-headed Oropendola
CHPH	Chinese Pond-Heron
CHQD	Chiriqui Quail-Dove
CHRA	Chihuahuan Raven
CHSH	Christmas Shearwater
CHSI	Choco Sirystes
CHSO	Choco Screech-Owl
CHSP	Chipping Sparrow
CHSW	Chimney Swift
CHTA	Choco Tapaculo
CHTI	Choco Tinamou
CHUK	Chukar
CIBS	Cinnamon-bellied Saltator
CIHU	Cinnamon Hummingbird
CIMB	Cinnamon Becard
CIOW	Cinereous Owl
CIRB	Cinereous Becard
CITE	Cinnamon Teal
CITR	Citreoline Trogon
CIWA	Citrine Wagtail
CIWO	Cinnamon Woodpecker
CLGR	Clark's Grebe
CLNU	Clark's Nutcracker
CLRA	Clapper Rail
CLSW	Cliff Swallow
CLWR	Clarion Wren
CMWA	Cape May Warbler
COAR	Collared Aracari
COBH	Common Black Hawk
COBO	Cocos Booby
COCC	Cocos Cuckoo
COCL	Common Chlorospingus
COCT	Cocoa Thrush
COCU	Common Cuckoo
CODU	Comb Duck
COEI	Common Eider
COEM	Cozumel Emerald
COFF	Collared Forest-Falcon
COFI	Cocos Finch
COFL	Cocos Flycatcher
COGA	Common Gallinule
COGO	Common Goldeneye
COGR	Common Grackle
COGU	Common Gull
COHA	Cooper's Hawk
COHE	Cocoi Heron
COHO	Common Hoopoe
COHU	Costa's Hummingbird
COKI	Couch's Kingbird
COLC	Colombian Crake
COLO	Common Loon
COLR	Collared Redstart
COLW	Colima Warbler
COME	Common Merganser
COMG	Common Greenshank
COMO	Common Moorhen
COMP	Common Pochard
COMS	Common Shelduck
COMU	Common Murre
COMW	Common Waxbill
COMY	Common Myna
CONI	Common Nighthawk
CONW	Connecticut Warbler
COPA	Common Pauraque
COPE	Cook's Petrel
COPL	Collared Plover
COPO	Common Poorwill
COPR	Collared Pratincole
CORA	Common Raven
CORC	Corn Crake
CORO	Common Rosefinch
CORS	Cory's Shearwater
COSA	Common Sandpiper
COSC	Common Scoter
COSN	Common Snipe
COSP	Coiba Spinetail
COSW	Common Swift
COTE	Common Tern
COTF	Common Tody-Flycatcher
COTO	Collared Towhee
COTR	Collared Trogon
COVI	Cozumel Vireo
COWO	Cocoa Woodcreeper
COWR	Cozumel Wren
COYE	Common Yellowthroat
COZT	Cozumel Thrasher
CPOT	Common Potoo
CPYO	Colima Pygmy-Owl
CRAU	Crested Auklet
CRBO	Crested Bobwhite
CRBR	Costa Rican Brushfinch
CRCA	Crested Caracara
CREA	Crested Eagle
CREH	Common Redshank
CRET	Common Redstart
CRGU	Crested Guan
CRHA	Crane Hawk
CRMU	Craveri's Murrelet
CROR	Crested Oropendola
CROW	Crested Owl
CRPL	Common Ringed Plover
CRPO	Costa Rican Pygmy-Owl
CRQD	Crested Quail-Dove
CRSE	Cinnamon-rumped Seedeater
CRSW	Costa Rican Swift
CRTH	Crissal Thrasher
CRWA	Costa Rican Warbler
CRWO	Crowned Woodnymph
CSCU	Common Squirrel Cuckoo
CSFL	Crowned Slaty Flycatcher
CSSV	Chestnut-sided Shrike-Vireo
CSWA	Chestnut-sided Warbler
CTSP	Cinnamon-tailed Sparrow
CTST	Checker-throated Stipplethroat
CUAM	Cuban Amazon
CUBH	Cuban Black Hawk
CUBL	Cuban Blackbird
CUBM	Cuban Macaw
CUBU	Cuban Bullfinch
CUCR	Cuban Crow
CUEM	Cuban Emerald
CUGN	Cuban Gnatcatcher
CUGR	Cuban Grassquit
CUKI	Cuban Kite
CUMA	Cuban Martin
CUNI	Cuban Nightjar
CUOR	Cuban Oriole
CUPA	Cuban Parakeet
CUPC	Cuban Palm-Crow
CUPE	Cuban Pewee
CUPO	Cuban Pygmy-Owl
CUSA	Curlew Sandpiper
CUSO	Cuban Solitaire
CUTO	Cuban Tody
CUTR	Cuban Trogon
CUVI	Cuban Vireo
CVSH	Cape Verde Shearwater
CWPI	Common Wood Pigeon
CWWI	Chuck-will's-widow
DAPE	Dark Pewee
DATH	Dagua Thrush
DBCU	Dark-billed Cuckoo
DBGR	Double-banded Graytail
DBJA	Dusky-backed Jacamar
DCCO	Double-crested Cormorant
DCFL	Dusky-capped Flycatcher
DEJU	Dark-eyed Junco
DFTA	Dusky-faced Tanager
DICK	Dickcissel
DMAN	Dull-mantled Antbird
DOVE	Dovekie
DOWO	Downy Woodpecker
DSFL	Dark-sided Flycatcher
DSTK	Double-striped Thick-knee
DTKI	Double-toothed Kite
DUAN	Dusky Antbird
DUFL	Dusky Flycatcher
DUGR	Dusky Grouse
DUHU	Dusky Hummingbird
DUNI	Dusky Nightjar
DUNL	Dunlin
DUPI	Dusky Pigeon
DUTH	Dusky Thrush
DUWA	Dusky Warbler
DWAN	Dot-winged Antwren
DWCU	Dwarf Cuckoo
DWJA	Dwarf Jay
DWVI	Dwarf Vireo
EABL	Eastern Bluebird
EACE	Eastern Cattle-Egret
EACT	Eastern Chat-Tanager
EADO	Eared Dove
EAGR	Eared Grebe
EAKI	Eastern Kingbird
EAME	Eastern Meadowlark
EAPH	Eastern Phoebe
EAPO	Eared Poorwill
EAQU	Eared Quetzal
EASO	Eastern Screech-Owl
EATO	Eastern Towhee
EAWP	Eastern Wood-Pewee
EAWV	Eastern Warbling-Vireo
ECHU	Emerald-chinned Hummingbird
EGGO	Egyptian Goose
EGOL	European Goldfinch
EGOS	Eurasian Goshawk
EHGU	European Herring Gull
ELEU	Elegant Euphonia
ELOW	Elf Owl
ELQU	Elegant Quail
ELTE	Elegant Tern
ELTR	Elegant Trogon
EMGO	Emperor Goose
EMTA	Emerald Tanager
ERFL	Eye-ringed Flatbill
ERFR	Erckel's Francolin
ESBD	Eastern Spot-billed Duck
ESCU	Eskimo Curlew
ESPA	Eurasian Sparrowhawk
ESPO	Eurasian Spoonbill
ETSP	Eurasian Tree Sparrow
EUBB	Eurasian Blackbird
EUBC	Eurasian Blackcap
EUBU	Eurasian Bullfinch
EUCD	Eurasian Collared-Dove
EUCO	Eurasian Coot
EUCU	Eurasian Curlew
EUDO	Eurasian Dotterel
EUFL	Euler's Flycatcher
EUGP	European Golden-Plover
EUHO	Eurasian Hobby
EUJA	Eurasian Jackdaw
EUKE	Eurasian Kestrel
EUOY	Eurasian Oystercatcher
EURO	European Robin
EUSI	Eurasian Siskin
EUSK	Eurasian Skylark
EUSP	European Storm-Petrel
EUST	European Starling
EUTD	European Turtle-Dove
EUWI	Eurasian Wigeon
EUWO	Eurasian Woodcock
EUWR	Eurasian Wryneck
EVGR	Evening Grosbeak
EWPW	Eastern Whip-poor-will
EWWA	Elfin-woods Warbler
EYTH	Eyebrowed Thrush
EYWA	Eastern Yellow Wagtail
FAAN	Fasciated Antshrike
FADU	Falcated Duck
FBAR	Fiery-billed Aracari
FBVI	Flat-billed Vireo
FCTA	Flame-colored Tanager
FECU	Far Eastern Curlew
FEFL	Fernandina's Flicker
FEHA	Ferruginous Hawk
FEPE	Fea's Petrel
FEPO	Ferruginous Pygmy-Owl
FFSH	Flesh-footed Shearwater
FICR	Fish Crow
FIEL	Fieldfare
FISP	Field Sparrow
FLFL	Flammulated Flycatcher
FLOW	Flammulated Owl
FLSJ	Florida Scrub-Jay
FOEL	Forest Elaenia
FOSP	Fox Sparrow
FOTE	Forster's Tern
FOTH	Forest Thrush
FRGU	Franklin's Gull
FRTA	Flame-rumped Tanager
FSSP	Five-striped Sparrow
FTFG	Fawn-throated Foliage-gleaner
FTFL	Fork-tailed Flycatcher
FTHE	Fasciated Tiger-Heron
FTHU	Fiery-throated Hummingbird
FTHW	Flame-throated Warbler
FTSP	Fork-tailed Storm-Petrel
FTSW	Fork-tailed Swift
FTWA	Fan-tailed Warbler
FUOW	Fulvous Owl
FUWD	Fulvous Whistling-Duck
FVEU	Fulvous-vented Euphonia
GABU	Greater Antillean Bullfinch
GADW	Gadwall
GAEL	Greater Antillean Elaenia
GAEM	Garden Emerald
GAGR	Greater Antillean Grackle
GAGT	Gray-and-gold Tanager
GANT	Great Antshrike
GAPE	Galapagos Petrel
GAQU	Gambel's Quail
GARG	Garganey
GARK	Green-and-rufous Kingfisher
GASH	Galapagos Shearwater
GATH	Garnet-throated Hummingbird
GATR	Gartered Trogon
GBAN	Groove-billed Ani
GBAT	Gray-backed Tern
GBBG	Great Black-backed Gull
GBCH	Golden-browed Chlorophonia
GBCR	Gray-breasted Crake
GBEH	Gray-bellied Hawk
GBFL	Golden-bellied Flycatcher
GBHA	Great Black Hawk
GBHE	Great Blue Heron
GBMG	Green-breasted Mountain-gem
GBSP	Green-backed Sparrow
GBTE	Gull-billed Tern
GBTT	Graceful Black-throated Trogon
GBWA	Golden-browed Warbler
GBWO	Gray-breasted Woodpecker
GBWR	Gray-barred Wren
GBWW	Gray-breasted Wood-Wren
GCAF	Gray-capped Flycatcher
GCAT	Grand Cayman Thrush
GCBE	Gray-collared Becard
GCBR	Green-crowned Brilliant
GCBU	Grand Cayman Bullfinch
GCCU	Gray-capped Cuckoo
GCDO	Gray-chested Dove
GCEM	Golden-crowned Emerald
GCFL	Great Crested Flycatcher
GCHW	Golden-cheeked Woodpecker
GCKI	Golden-crowned Kinglet
GCMA	Golden-collared Manakin
GCNU	Gray-cheeked Nunlet
GCPT	Gray-crowned Palm-Tanager
GCRF	Gray-crowned Rosy-Finch
GCRS	Golden-crowned Spadebill
GCRW	Golden-crowned Warbler
GCSP	Golden-crowned Sparrow
GCTE	Great Crested Tern
GCTH	Gray-cheeked Thrush
GCWA	Golden-cheeked Warbler
GCWR	Gray-cowled Wood-Rail
GCYE	Gray-crowned Yellowthroat
GFGR	Golden-fronted Greenlet
GFHU	Green-fronted Hummingbird
GFLY	Grenada Flycatcher
GFPE	Gray-faced Petrel
GFQD	Gray-fronted Quail-Dove
GFRL	Green-fronted Lancebill
GFWO	Golden-fronted Woodpecker
GGMA	Great Green Macaw
GGOW	Great Gray Owl
GGWO	Golden-green Woodpecker
GHCH	Gray-headed Chickadee
GHDO	Gray-headed Dove
GHEC	Gray-headed Chachalaca
GHET	Gray-headed Tanager
GHGU	Gray-hooded Gull
GHKI	Gray-headed Kite
GHMA	Golden-headed Manakin
GHOT	Golden-hooded Tanager
GHOW	Great Horned Owl
GHPI	Gray-headed Piprites
GHQU	Golden-headed Quetzal
GICO	Giant Cowbird
GIFL	Gilded Flicker
GIKI	Giant Kingbird
GIWO	Gila Woodpecker
GIWR	Giant Wren
GKIN	Green Kingfisher
GKIS	Great Kiskadee
GLGU	Glaucous Gull
GLHA	Gray-lined Hawk
GLIB	Glossy Ibis
GLTH	Glow-throated Hummingbird
GMAG	Green Mango
GMAK	Green Manakin
GNBM	Green-breasted Mango
GNLA	Greater Necklaced Laughingthrush
GNTA	Green-naped Tanager
GNWO	Golden-naped Woodpecker
GOEA	Golden Eagle
GOSW	Golden Swallow
GOVI	Golden Vireo
GOWO	Golden-olive Woodpecker
GRAE	Gray Elaenia
GRAF	Gray Francolin
GRAH	Gray Heron
GRAK	Gray Kingbird
GRAM	Greater Amakihi
GRAP	Gray Partridge
GRAT	Gray Thrasher
GRAU	Great Auk
GRAW	Gray Wagtail
GRBU	Gray Bunting
GRCA	Gray Catbird
GRCO	Great Cormorant
GRCU	Great Curassow
GRCW	Gray-crowned Woodpecker
GRDO	Grenada Dove
GREF	Great Frigatebird
GREG	Great Egret
GREH	Green Hermit
GREJ	Great Jacamar
GREL	Greenish Elaenia
GREP	Green Parakeet
GRET	Green Thorntail
GREW	Grenada Wren
GRFL	Gray Flycatcher
GRGO	Graylag Goose
GRGU	Gray Gull
GRHA	Gray Hawk
GRHE	Green Heron
GRHO	Green Honeycreeper
GRIB	Green Ibis
GRJA	Green Jay
GRKF	Greater Koa-Finch
GRKN	Great Knot
GRLC	Great Lizard-Cuckoo
GRNI	Gray Nightjar
GRPC	Greater Prairie-Chicken
GRPE	Greater Pewee
GRPO	Great Potoo
GRPU	Greenish Puffleg
GRRO	Greater Roadrunner
GRSA	Green Sandpiper
GRSC	Greater Scaup
GRSF	Gray Silky-flycatcher
GRSG	Greater Sage-Grouse
GRSH	Great Shearwater
GRSK	Great Skua
GRSP	Grasshopper Sparrow
GRSV	Green Shrike-Vireo
GRSW	Gray-rumped Swift
GRTA	Greater Ani
GRTI	Great Tinamou
GRTR	Gray Trembler
GRUP	Green-rumped Parrotlet
GRVI	Gray Vireo
GRWA	Grace's Warbler
GRYE	Greater Yellowlegs
GRYF	Grassland Yellow-Finch
GSAP	Greater Sand-Plover
GSBR	Green-striped Brushfinch
GSFL	Gray-streaked Flycatcher
GSTS	Great Swallow-tailed Swift
GSWO	Great Spotted Woodpecker
GTCA	Green-throated Carib
GTCH	Gray-throated Chat
GTGR	Great-tailed Grackle
GTLE	Gray-throated Leaftosser
GTMG	Green-throated Mountain-gem
GTTA	Gray-tailed Tattler
GTTO	Green-tailed Towhee
GTWA	Green-tailed Warbler
GUCA	Guadalupe Caracara
GUFL	Guatemalan Flicker
GUHA	Gundlach's Hawk
GUJU	Guadalupe Junco
GUMU	Guadalupe Murrelet
GUSG	Gunnison Sage-Grouse
GUSP	Guadalupe Storm-Petrel
GUTY	Guatemalan Tyrannulet
GUWO	Guadeloupe Woodpecker
GWFG	Greater White-fronted Goose
GWGU	Glaucous-winged Gull
GWRE	Grass Wren
GWTE	Green-winged Teal
GWWA	Golden-winged Warbler
GYBM	Gray-breasted Martin
GYRF	Gyrfalcon
HAAK	Hawaii Akepa
HAAM	Hawaii Amakihi
HACO	Hawaiian Coot
HADU	Harlequin Duck
HAEA	Harpy Eagle
HAEL	Hawaii Elepaio
HAFL	Hammond's Flycatcher
HAGO	Hawaiian Goose
HAHA	Harris's Hawk
HAMA	Hawaii Mamo
HAOO	Hawaii Oo
HAPE	Hawaiian Petrel
HARA	Hawaiian Rail
HASP	Harris's Sparrow
HAWD	Hawaiian Duck
HAWF	Hawfinch
HAWH	Hawaiian Hawk
HAWO	Hairy Woodpecker
HAWR	Happy Wren
HBKI	Hook-billed Kite
HCRE	Hawaii Creeper
HCRO	Hawaiian Crow
HCRW	Hooded Crow
HEGU	Heermann's Gull
HELG	Helmeted Guineafowl
HEPE	Herald Petrel
HESP	Henslow's Sparrow
HETA	Hepatic Tanager
HETH	Hermit Thrush
HEWA	Hermit Warbler
HIAM	Hispaniolan Amazon
HICR	Hispaniolan Crossbill
HIEM	Hispaniolan Emerald
HIEU	Hispaniolan Euphonia
HIGU	Highland Guan
HILC	Hispaniolan Lizard-Cuckoo
HIMA	Hispaniolan Mango
HINI	Hispaniolan Nightjar
HIOR	Hispaniolan Oriole
HIPA	Hispaniolan Parakeet
HIPC	Hispaniolan Palm-Crow
HIPE	Hispaniolan Pewee
HISN	Himalayan Snowcock
HISP	Hispaniolan Spindalis
HITI	Highland Tinamou
HITR	Hispaniolan Trogon
HIWO	Hispaniolan Woodpecker
HOCR	Hooded Crane
HOEM	Honduran Emerald
HOFI	House Finch
HOGR	Horned Grebe
HOGU	Horned Guan
HOLA	Horned Lark
HOME	Hooded Merganser
HOOG	Hooded Grosbeak
HOOR	Hooded Oriole
HOPU	Horned Puffin
HOSP	House Sparrow
HOWA	Hooded Warbler
HOWO	Hoffmann's Woodpecker
HOYE	Hooded Yellowthroat
HUGO	Hudsonian Godwit
HUSA	Humboldt's Sapphire
HUVI	Hutton's Vireo
HWAM	Hwamei
IBIW	Ivory-billed Woodcreeper
IBWO	Ivory-billed Woodpecker
ICGU	Iceland Gull
ICWA	Icterine Warbler
IIWI	Iiwi
IMAM	Imperial Amazon
IMWO	Imperial Woodpecker
INBU	Indigo Bunting
INDO	Inca Dove
INPE	Indian Peafowl
INSI	Indian Silverbill
INTE	Inca Tern
INWO	Inagua Woodstar
ISCA	Island Canary
ISSJ	Island Scrub-Jay
ISWR	Isthmian Wren
IVGU	Ivory Gull
JABE	Jamaican Becard
JABI	Jabiru
JABL	Jamaican Blackbird
JACR	Jamaican Crow
JAEL	Jamaican Elaenia
JAEU	Jamaican Euphonia
JALC	Jamaican Lizard-Cuckoo
JAMA	Jamaican Mango
JAMS	Jamaican Spindalis
JAOR	Jamaican Oriole
JAOW	Jamaican Owl
JAPA	Jamaican Pauraque
JAQU	Japanese Quail
JASN	Jack Snipe
JASP	Java Sparrow
JATO	Jamaican Tody
JAVI	Jamaican Vireo
JAWO	Jamaican Woodpecker
JBWA	Japanese Bush Warbler
JEAN	Jet Antbird
JFPE	Juan Fernandez Petrel
JOPE	Jouanin's Petrel
JPET	Jamaican Petrel
JPEW	Jamaican Pewee
JUTI	Juniper Titmouse
KAAK	Kauai Akialoa
KAAM	Kauai Amakihi
KAEL	Kauai Elepaio
KAKA	Kakawahie
KAMA	Kamao
KANU	Kauai Nukupuu
KAOO	Kauai Oo
KAPH	Kalij Pheasant
KAWR	Kalinago Wren
KBMO	Keel-billed Motmot
KBTO	Keel-billed Toucan
KEGU	Kelp Gull
KEPE	Kermadec Petrel
KEWA	Kentucky Warbler
KIEI	King Eider
KILL	Killdeer
KIMU	Kittlitz's Murrelet
KIOE	Kioea
KIRA	King Rail
KIVU	King Vulture
KIWA	Kirtland's Warbler
KLWA	Kamchatka Leaf Warbler
KOGR	Kona Grosbeak
KWQD	Key West Quail-Dove
LAAL	Laysan Albatross
LABD	Labrador Duck
LAEU	Lesser Antillean Euphonia
LAFA	Laughing Falcon
LAFI	Laysan Finch
LAFL	Lesser Antillean Flycatcher
LAGO	Lawrence's Goldfinch
LAGU	Laughing Gull
LALO	Lapland Longspur
LAMO	Lanceolated Monklet
LANB	Lesser Antillean Bullfinch
LANH	Lanai Hookbill
LANW	Lanceolated Warbler
LAPE	Lesser Antillean Pewee
LARA	Laysan Rail
LARB	Lark Bunting
LASA	Lesser Antillean Saltator
LASP	Lark Sparrow
LASW	Lesser Antillean Swift
LATA	Lesser Antillean Tanager
LATM	Lance-tailed Manakin
LAVW	Lavender Waxbill
LAYD	Laysan Duck
LAYH	Laysan Honeycreeper
LAZB	Lazuli Bunting
LBBG	Lesser Black-backed Gull
LBCU	Long-billed Curlew
LBDO	Long-billed Dowitcher
LBGN	Long-billed Gnatwren
LBHE	Little Blue Heron
LBIH	Long-billed Hermit
LBMU	Long-billed Murrelet
LBSF	Large-billed Seed-Finch
LBST	Long-billed Starthroat
LBTE	Large-billed Tern
LBTH	Long-billed Thrasher
LBWO	Ladder-backed Woodpecker
LCAM	Lilac-crowned Amazon
LCSP	LeConte's Sparrow
LCTH	LeConte's Thrasher
LEAK	Lesser Akialoa
LEAU	Least Auklet
LEBI	Least Bittern
LEEL	Lesser Elaenia
LEFL	Least Flycatcher
LEFR	Lesser Frigatebird
LEGC	Lesser Ground-Cuckoo
LEGO	Lesser Goldfinch
LEGR	Least Grebe
LEKF	Lesser Koa-Finch
LEKI	Lesser Kiskadee
LEMO	Lesson's Motmot
LENI	Lesser Nighthawk
LEOW	Long-eared Owl
LEPA	Least Pauraque
LEPC	Lesser Prairie-Chicken
LERO	Lesser Roadrunner
LESA	Least Sandpiper
LESC	Lesser Scaup
LESE	Lesson's Seedeater
LESG	Lesser Greenlet
LESP	Leach's Storm-Petrel
LETE	Least Tern
LEVI	Lesser Violetear
LEWH	Lesser Whitethroat
LEWO	Lewis's Woodpecker
LEYE	Lesser Yellowlegs
LFFI	Large-footed Finch
LIBI	Little Bittern
LIBU	Little Bunting
LICU	Little Curlew
LIEG	Little Egret
LIFG	Lineated Foliage-gleaner
LIGU	Little Gull
LIMP	Limpkin
LISE	Lined Seedeater
LISP	Lincoln's Sparrow
LIST	Little Stint
LITC	Little Cuckoo
LITE	Little Tern
LITI	Little Tinamou
LIWO	Lineated Woodpecker
LIWT	Little White-Tern
LLBU	Long-legged Buzzard
LMAL	Light-mantled Albatross
LOCO	Lovely Cotinga
LOKI	Loggerhead Kingbird
LOSH	Loggerhead Shrike
LOTM	Long-tailed Manakin
LOWA	Louisiana Waterthrush
LRPL	Little Ringed Plover
LSFL	La Sagra's Flycatcher
LSTA	Lemon-spectacled Tanager
LSTH	La Selle Thrush
LSTP	Least Storm-Petrel
LSTS	Lesser Swallow-tailed Swift
LTDU	Long-tailed Duck
LTJA	Long-tailed Jaeger
LTSF	Long-tailed Silky-flycatcher
LTST	Long-toed Stint
LTTR	Lattice-tailed Trogon
LTTY	Long-tailed Tyrant
LTWO	Long-tailed Woodcreeper
LTWP	Long-tailed Wood-Partridge
LUHU	Lucifer Hummingbird
LUWA	Lucy's Warbler
LWFG	Lesser White-fronted Goose
LWHA	Long-winged Harrier
LYHV	Lesser Yellow-headed Vulture
MAAK	Maui Akepa
MAAL	Maui Alauahio
MAAN	Mayan Antthrush
MABO	Masked Booby
MACU	Mangrove Cuckoo
MADU	Masked Duck
MAFR	Magnificent Frigatebird
MAGO	Marbled Godwit
MAHU	Mangrove Hummingbird
MALL	Mallard
MAMU	Marbled Murrelet
MANS	Mangrove Swallow
MANU	Maui Nukupuu
MAOR	Martinique Oriole
MAPA	Maui Parrotbill
MARA	Mangrove Rail
MASA	Marsh Sandpiper
MASH	Manx Shearwater
MASO	Middle American Screech-Owl
MASP	Markham's Storm-Petrel
MAST	Maguari Stork
MASW	Mariana Swiftlet
MATH	Martinique Thrasher
MATI	Masked Tityra
MAVI	Mangrove Vireo
MAWA	Magnolia Warbler
MAWQ	Marbled Wood-Quail
MAWR	Marsh Wren
MCGD	Maroon-chested Ground Dove
MCTY	Mouse-colored Tyrannulet
MEAM	Mealy Amazon
MEBL	Melodious Blackbird
MECH	Mexican Chickadee
MEDU	Mexican Duck
MEEG	Medium Egret
MEHE	Mexican Hermit
MEJA	Mexican Jay
MEPA	Mexican Parrotlet
MEPI	Meadow Pipit
MERL	Merlin
MESH	Mexican Sheartail
MEVI	Mexican Violetear
MEWO	Mexican Woodnymph
MFPA	Maroon-fronted Parrot
MGRW	Middendorff's Grasshopper Warbler
MGWA	MacGillivray's Warbler
MIKI	Mississippi Kite
MILL	Millerbird
MIMA	Military Macaw
MIPA	Mitred Parakeet
MITH	Mistle Thrush
MITY	Mistletoe Tyrannulet
MKBU	McKay's Bunting
MNAK	Maui-nui Akialoa
MOAN	Moustached Antwren
MOBL	Mountain Bluebird
MOCH	Mountain Chickadee
MODO	Mourning Dove
MODU	Mottled Duck
MOEL	Mountain Elaenia
MONQ	Montezuma Quail
MOOW	Mottled Owl
MOPA	Monk Parakeet
MOPE	Mottled Petrel
MOPL	Mountain Plover
MORI	Montserrat Oriole
MORO	Montezuma Oropendola
MOSE	Morelet's Seedeater
MOTH	Mountain Thrush
MOTR	Mountain Trogon
MOUQ	Mountain Quail
MOWA	Mourning Warbler
MSCU	Mexican Squirrel Cuckoo
MTWO	Magenta-throated Woodstar
MUDU	Muscovy Duck
MUFL	Mugimaki Flycatcher
MUPE	Murphy's Petrel
MUSW	Mute Swan
MWPW	Mexican Whip-poor-will
NABO	Nazca Booby
NAFL	Narcissus Flycatcher
NAPA	Nanday Parakeet
NATH	Naumann's Thrush
NAWA	Nashville Warbler
NAWR	Nava's Wren
NBTO	Narrow-billed Tody
NECO	Neotropic Cormorant
NESH	Newell's Shearwater
NESP	Nelson's Sparrow
NHOW	Northern Hawk Owl
NHWR	Northern House Wren
NIFI	Nihoa Finch
NIGR	Nicaraguan Grackle
NISF	Nicaraguan Seed-Finch
NIWR	Nightingale Wren
NOBB	Northern Boobook
NOBE	Northern Bentbill
NOBO	Northern Bobwhite
NOBT	Northern Beardless-Tyrannulet
NOBW	Northern Barred-Woodcreeper
NOCA	Northern Cardinal
NOET	Northern Emerald-Toucanet
NOFL	Northern Flicker
NOFU	Northern Fulmar
NOGA	Northern Gannet
NOGP	Northern Giant-Petrel
NOHA	Northern Harrier
NOJA	Northern Jacana
NOLA	Northern Lapwing
NOMO	Northern Mockingbird
NOPA	Northern Parula
NOPI	Northern Pintail
NOPO	Northern Pygmy-Owl
NOPX	Northern Plain Xenops
NORP	Northern Potoo
NOSC	Northern Schiffornis
NOSF	Northern Scrub-Flycatcher
NOWA	Northern Waterthrush
NOWH	Northern Wheatear
NRBI	Northern Red Bishop
NRWS	Northern Rough-winged Swallow
NSHO	Northern Shoveler
NSHR	Northern Shrike
NSWO	Northern Saw-whet Owl
NUFL	Nutting's Flycatcher
NUWO	Nuttall's Woodpecker
OAAL	Oahu Alauahio
OAAM	Oahu Amakihi
OAEL	Oahu Elepaio
OAKE	Oahu Akepa
OAKI	Oahu Akialoa
OANU	Oahu Nukupuu
OAOO	Oahu Oo
OASP	Oaxaca Sparrow
OATI	Oak Titmouse
OBAE	Olive-backed Euphonia
OBAN	Ochre-breasted Antpitta
OBBU	Orange-breasted Bunting
OBEE	Orange-bellied Euphonia
OBFA	Orange-breasted Falcon
OBFL	Ochre-bellied Flycatcher
OBNT	Orange-billed Nightingale-Thrush
OBPI	Olive-backed Pipit
OBQD	Olive-backed Quail-Dove
OBSP	Orange-billed Sparrow
OCAN	Ocellated Antbird
OCAW	Olive-capped Warbler
OCBE	One-colored Becard
OCCR	Ocellated Crake
OCHW	Orange-cheeked Waxbill
OCMA	Orange-collared Manakin
OCOR	Orange-crowned Oriole
OCPA	Orange-chinned Parakeet
OCPE	Ochraceous Pewee
OCPO	Ocellated Poorwill
OCQU	Ocellated Quail
OCTH	Ocellated Thrasher
OCTU	Ocellated Turkey
OCWA	Orange-crowned Warbler
OCWR	Ochraceous Wren
OCYE	Olive-crowned Yellowthroat
OFPA	Orange-fronted Parakeet
OILB	Oilbird
OLIF	Olivaceous Flatbill
OLOF	Ochre-lored Flatbill
OLOM	Olomao
OLPI	Olivaceous Piculet
OLSP	Olive Sparrow
OLWA	Olive Warbler
OLWO	Olivaceous Woodcreeper
OMAO	Omao
ORAN	Orangequit
ORAO	Orange Oriole
ORCU	Oriental Cuckoo
ORGO	Orinoco Goose
ORGR	Oriental Greenfinch
ORHE	Ornate Hawk-Eagle
OROR	Orchard Oriole
ORPL	Oriental Plover
ORPR	Oriental Pratincole
ORSO	Oriental Scops-Owl
ORTD	Oriental Turtle-Dove
ORWA	Oriente Warbler
OSFL	Olive-sided Flycatcher
OSPR	Osprey
OSTF	Olive-striped Flycatcher
OTFG	Ochre-throated Foliage-gleaner
OTPA	Olive-throated Parakeet
OU	Ou
OVEN	Ovenbird
PAAN	Pacific Antwren
PAAU	Parakeet Auklet
PABU	Painted Bunting
PACP	Pacific Parakeet
PAFL	Panama Flycatcher
PAGP	Pacific Golden-Plover
PAGU	Pallas's Gull
PAIP	Painted Parakeet
PAJA	Parasitic Jaeger
PALB	Pallas's Bunting
PALI	Palila
PALM	Palmchat
PALO	Pacific Loon
PAPE	Parkinson's Petrel
PAPI	Passenger Pigeon
PARE	Painted Redstart
PARO	Pallas's Rosefinch
PASO	Pacific Screech-Owl
PATA	Palm Tanager
PAWA	Palm Warbler
PAWR	Pacific Wren
PBBA	Prong-billed Barbet
PBCR	Paint-billed Crake
PBCU	Pearly-breasted Cuckoo
PBFI	Peg-billed Finch
PBGD	Plain-breasted Ground Dove
PBGR	Pied-billed Grebe
PBHE	Pale-bellied Hermit
PBIW	Pale-billed Woodpecker
PBJA	Purplish-backed Jay
PBQD	Purplish-backed Quail-Dove
PBRW	Plain-brown Woodcreeper
PBSP	Pale-breasted Spinetail
PCFA	Purple-crowned Fairy
PCST	Plain-capped Starthroat
PCTA	Plain-colored Tanager
PEBO	Peruvian Booby
PECO	Pelagic Cormorant
PEFA	Peregrine Falcon
PEKI	Pearl Kite
PEPI	Pechora Pipit
PEPT	Pale-eyed Pygmy-Tyrant
PESA	Pectoral Sandpiper
PETH	Pearly-eyed Thrasher
PFGO	Pink-footed Goose
PFSH	Pink-footed Shearwater
PGWA	Pallas's Grasshopper Warbler
PHAI	Phainopepla
PHCU	Pheasant Cuckoo
PHVI	Philadelphia Vireo
PHWA	Pink-headed Warbler
PIBI	Pinnated Bittern
PIBU	Pine Bunting
PICH	Pirre Chlorospingus
PIGR	Pine Grosbeak
PIGU	Pigeon Guillemot
PIHU	Pirre Hummingbird
PIJA	Pinyon Jay
PILF	Pileated Flycatcher
PINF	Pine Flycatcher
PIPL	Piping Plover
PIPU	Pied Puffbird
PIRF	Piratic Flycatcher
PIRW	Pirre Warbler
PISI	Pine Siskin
PIWA	Pine Warbler
PIWH	Pied Wheatear
PIWO	Pileated Woodpecker
PIWT	Pied Water-Tyrant
PLAN	Plain Antvireo
PLAP	Plain Pigeon
PLCH	Plain Chachalaca
PLEW	Pallas's Leaf Warbler
PLHA	Plumbeous Hawk
PLKI	Plumbeous Kite
PLUP	Plumbeous Pigeon
PLUW	Plumbeous Warbler
PLVI	Plumbeous Vireo
POJA	Pomarine Jaeger
POUL	Poo-uli
PRAM	Puerto Rican Amazon
PRAW	Prairie Warbler
PRBU	Puerto Rican Bullfinch
PREM	Puerto Rican Emerald
PREU	Puerto Rican Euphonia
PRFA	Prairie Falcon
PRFL	Puerto Rican Flycatcher
PRIO	Puerto Rican Owl
PRLC	Puerto Rican Lizard-Cuckoo
PRMA	Puerto Rican Mango
PRNI	Puerto Rican Nightjar
PROR	Puerto Rican Oriole
PROW	Prothonotary Warbler
PRPA	Puerto Rican Parakeet
PRPE	Providence Petrel
PRSP	Puerto Rican Spindalis
PRTA	Puerto Rican Tanager
PRTO	Puerto Rican Tody
PRVI	Puerto Rican Vireo
PRWO	Puerto Rican Woodpecker
PTCA	Purple-throated Carib
PTFR	Purple-throated Fruitcrow
PTMG	Purple-throated Mountain-gem
PTSN	Pin-tailed Snipe
PTWH	Pin-tailed Whydah
PTWO	Purple-throated Woodstar
PUAI	Puaiohi
PUFI	Purple Finch
PUGA	Purple Gallinule
PUHE	Purple Heron
PUHO	Purple Honeycreeper
PUMA	Purple Martin
PUSA	Purple Sandpiper
PUSW	Purple Swamphen
PVPI	Pale-vented Pigeon
PVTH	Pale-vented Thrush
PYNU	Pygmy Nuthatch
PYRR	Pyrrhuloxia
RAGM	Red-and-green Macaw
RAWW	Rufous-and-white Wren
RAZO	Razorbill
RBAN	Rufous-breasted Antthrush
RBAW	Rufous-backed Wren
RBBU	Rose-bellied Bunting
RBEC	Rufous-bellied Chachalaca
RBGR	Rose-breasted Grosbeak
RBGU	Ring-billed Gull
RBHE	Rufous-breasted Hermit
RBLE	Red-billed Leiothrix
RBME	Red-breasted Merganser
RBNU	Red-breasted Nuthatch
RBPE	Rufous-browed Peppershrike
RBPI	Red-billed Pigeon
RBRC	Red-breasted Chat
RBRM	Red-breasted Meadowlark
RBRO	Rufous-backed Robin
RBSA	Red-breasted Sapsucker
RBSC	Red-billed Scythebill
RBSE	Ruddy-breasted Seedeater
RBSH	Red-backed Shrike
RBSP	Rufous-breasted Spinetail
RBST	Red-billed Streamertail
RBSW	Rufous-breasted Wren
RBTR	Red-billed Tropicbird
RBTY	Rufous-browed Tyrannulet
RBWO	Red-bellied Woodpecker
RBWW	Rufous-browed Wren
RCAM	Red-crowned Amazon
RCAT	Red-crowned Ant-Tanager
RCBR	Rufous-capped Brushfinch
RCCA	Red-crested Cardinal
RCGS	Rusty-crowned Ground-Sparrow
RCKI	Ruby-crowned Kinglet
RCMA	Red-capped Manakin
RCMO	Russet-crowned Motmot
RCNT	Ruddy-capped Nightingale-Thrush
RCOS	Rufous-collared Sparrow
RCQD	Russet-crowned Quail-Dove
RCRC	Rufous-crested Coquette
RCRO	Rufous-collared Robin
RCRW	Red-crowned Woodpecker
RCSP	Rufous-crowned Sparrow
RCWA	Rufous-capped Warbler
RCWO	Red-cockaded Woodpecker
RDTF	Ruddy-tailed Flycatcher
REAV	Red Avadavat
REBU	Reed Bunting
RECR	Red Crossbill
REDH	Redhead
REDP	Redpoll
REDW	Redwing
REEG	Reddish Egret
REJU	Red Junglefowl
REKN	Red Knot
REPH	Red Phalarope
REQU	Resplendent Quetzal
RESI	Red Siskin
REVI	Red-eyed Vireo
REWA	Red Warbler
RFBL	Red-flanked Bluetail
RFBO	Red-footed Booby
RFCO	Red-faced Cormorant
RFFA	Red-footed Falcon
RFLO	Rosy-faced Lovebird
RFPA	Red-fronted Parrotlet
RFSP	Red-faced Spinetail
RFTF	Rufous-tailed Flycatcher
RFWA	Red-faced Warbler
RGDO	Ruddy Ground Dove
RHAU	Rhinoceros Auklet
RHBA	Red-headed Barbet
RHTA	Red-headed Tanager
RHWO	Red-headed Woodpecker
RIHA	Ridgway's Hawk
RIHU	Rivoli's Hummingbird
RIKI	Ringed Kingfisher
RIRA	Ridgway's Rail
RISP	Ringed Storm-Petrel
RIWA	River Warbler
RIWR	Riverside Wren
RLAM	Red-lored Amazon
RLHA	Rough-legged Hawk
RLHO	Red-legged Honeycreeper
RLKI	Red-legged Kittiwake
RLTH	Red-legged Thrush
RMFL	Rusty-margined Flycatcher
RMOT	Rufous Motmot
RMOU	Rufous Mourner
RMPA	Red-masked Parakeet
RNAM	Red-necked Amazon
RNAW	Russet-naped Wren
RNDU	Ring-necked Duck
RNEP	Ring-necked Pheasant
RNGR	Red-necked Grebe
RNPH	Red-necked Phalarope
RNSA	Red-naped Sapsucker
RNST	Red-necked Stint
RNWR	Rufous-necked Wood-Rail
ROFL	Royal Flycatcher
ROGO	Ross's Goose
ROGU	Ross's Gull
ROHA	Roadside Hawk
ROOK	Rook
ROPI	Rock Pigeon
ROPT	Rock Ptarmigan
ROSA	Rock Sandpiper
ROSP	Roseate Spoonbill
ROST	Roseate Tern
ROTT	Rosy Thrush-Tanager
ROWR	Rock Wren
ROYT	Royal Tern
RRAN	Rufous-rumped Antwren
RRPA	Rose-ringed Parakeet
RRWO	Red-rumped Woodpecker
RSBL	Red-shouldered Blackbird
RSHA	Red-shouldered Hawk
RSWR	Russet-naped Wood-Rail
RTAH	Rufous-tailed Hummingbird
RTAP	Ring-tailed Pigeon
RTAT	Red-throated Ant-Tanager
RTBE	Rose-throated Becard
RTCA	Red-throated Caracara
RTHA	Red-tailed Hawk
RTHE	Rufescent Tiger-Heron
RTHU	Ruby-throated Hummingbird
RTJA	Rufous-tailed Jacamar
RTLO	Red-throated Loon
RTOH	Ruby-topaz Hummingbird
RTPI	Red-throated Pipit
RTRO	Rufous-tailed Robin
RTRT	Rufous-tailed Rock-thrush
RTSO	Rufous-throated Solitaire
RTTA	Rose-throated Tanager
RTTR	Red-tailed Tropicbird
RUAN	Russet Antshrike
RUBL	Rusty Blackbird
RUBU	Rustic Bunting
RUCR	Ruddy Crake
RUDP	Ruddy Pigeon
RUDU	Ruddy Duck
RUFF	Ruff
RUFG	Ruddy Foliage-gleaner
RUFP	Rufous Piha
RUGR	Ruffed Grouse
RUHU	Rufous Hummingbird
RUNI	Rufous Nightjar
RUNT	Russet Nightingale-Thrush
RUQD	Ruddy Quail-Dove
RUSA	Rufous Sabrewing
RUSH	Ruddy Shelduck
RUSP	Rusty Sparrow
RUTR	Ruddy Treerunner
RUTU	Ruddy Turnstone
RUWO	Ruddy Woodcreeper
RVBU	Red-vented Bulbul
RVCH	Rufous-vented Chachalaca
RVGC	Rufous-vented Ground-Cuckoo
RWAN	Rusty-winged Antwren
RWBL	Red-winged Blackbird
RWBU	Red-whiskered Bulbul
RWSC	Russet-winged Schiffornis
RWSP	Rufous-winged Sparrow
RWTA	Rufous-winged Tanager
RWWO	Rufous-winged Woodpecker
SAAL	Salvin's Albatross
SABS	Sagebrush Sparrow
SACR	Sandhill Crane
SADF	Sad Flycatcher
SAFI	Saffron Finch
SAGU	Sabine's Gull
SAHA	Savanna Hawk
SALF	Salvadorian Flycatcher
SALS	Saltmarsh Sparrow
SAND	Sanderling
SAPA	Sapayoa
SAPH	Say's Phoebe
SASH	Sargasso Shearwater
SATE	Sandwich Tern
SATH	Sage Thrasher
SAVI	San Andres Vireo
SAVS	Savannah Sparrow
SBAG	Slaty-backed Gull
SBAN	Smooth-billed Ani
SBAO	Streak-backed Oriole
SBBO	Spot-bellied Bobwhite
SBCU	Slender-billed Curlew
SBDO	Short-billed Dowitcher
SBEH	Snowy-bellied Hummingbird
SBEL	Small-billed Elaenia
SBFF	Slaty-backed Forest-Falcon
SBFL	Sulphur-bellied Flycatcher
SBGR	Slender-billed Grackle
SBIG	Short-billed Gull
SBJA	San Blas Jay
SBKI	Slender-billed Kite
SBMU	Scaly-breasted Munia
SBNT	Slaty-backed Nightingale-Thrush
SBOR	Spot-breasted Oriole
SBPI	Short-billed Pigeon
SBRH	Scaly-breasted Hummingbird
SBRO	Siberian Blue Robin
SBSA	Spoon-billed Sandpiper
SBTA	Scarlet-browed Tanager
SBTH	Scaly-breasted Thrasher
SBTI	Slaty-breasted Tinamou
SBTR	Streak-breasted Treehunter
SBTS	Stub-tailed Spadebill
SBWP	Spot-breasted Woodpecker
SCAA	Scaled Antpitta
SCBA	Spot-crowned Barbet
SCBW	Scaly-breasted Wren
SCCH	Sooty-capped Chlorospingus
SCCO	Short-crested Coquette
SCHA	Streak-chested Antpitta
SCHT	Spangle-cheeked Tanager
SCHU	Scintillant Hummingbird
SCHW	Stripe-cheeked Woodpecker
SCIB	Scarlet Ibis
SCMA	Scarlet Macaw
SCMU	Scripps's Murrelet
SCOG	Slate-colored Grosbeak
SCOR	Scott's Oriole
SCPI	Scaled Pigeon
SCPT	Scale-crested Pygmy-Tyrant
SCQU	Scaled Quail
SCRG	Scrub Greenlet
SCRT	Scarlet-rumped Tanager
SCRW	Spot-crowned Woodcreeper
SCSE	Slate-colored Seedeater
SCSH	Scopoli's Shearwater
SCSO	Slate-colored Solitaire
SCTA	Scarlet Tanager
SECF	Sepia-capped Flycatcher
SEHA	Semiplumbeous Hawk
SEMW	Semper's Warbler
SEOW	Short-eared Owl
SEPL	Semipalmated Plover
SESA	Semipalmated Sandpiper
SESP	Seaside Sparrow
SEUP	Scrub Euphonia
SEWA	Sedge Warbler
SEWR	Sedge Wren
SFAN	Spiny-faced Antshrike
SFFI	Sooty-faced Finch
SFSW	Spot-fronted Swift
SFTA	Silvery-fronted Tapaculo
SGBW	Straight-billed Woodcreeper
SHAR	Sharpbill
SHCO	Shiny Cowbird
SHEW	Sooty-headed Wren
SHHO	Shining Honeycreeper
SHOW	Southern House Wren
SHPA	Saffron-headed Parrot
SHSP	Stripe-headed Sparrow
SHTF	Slate-headed Tody-Flycatcher
SHTH	Sapphire-throated Hummingbird
SHTN	Short-tailed Nighthawk
SHTY	Sooty-headed Tyrannulet
SHWO	Streak-headed Woodcreeper
SIAC	Siberian Accentor
SIBW	Stripe-breasted Wren
SICR	Sinaloa Crow
SIHM	Siberian House-Martin
SIMA	Sinaloa Martin
SIPI	Siberian Pipit
SIQU	Singing Quail
SIRU	Siberian Rubythroat
SISP	Siberian Sand-Plover
SISW	Sick's Swift
SIWR	Sinaloa Wren
SKBU	St. Kitts Bullfinch
SKTH	Sparkling-tailed Hummingbird
SLAM	St. Lucia Amazon
SLAN	Slaty Antwren
SLBF	St. Lucia Black Finch
SLCF	Slaty-capped Flycatcher
SLFI	Slaty Finch
SLFL	Slaty Flowerpiercer
SLOR	St. Lucia Oriole
SLSH	Slender Sheartail
SLSP	Slaty Spinetail
SLTH	St. Lucia Thrasher
SLVI	Slaty Vireo
SLWA	St. Lucia Warbler
SLWR	St. Lucia Wren
SMBW	Smoky-brown Woodpecker
SMEW	Smew
SMLO	Smith's Longspur
SMSP	Sierra Madre Sparrow
SNBU	Snow Bunting
SNBW	Strong-billed Woodcreeper
SNCO	Snowy Cotinga
SNEG	Snowy Egret
SNGO	Snow Goose
SNKI	Snail Kite
SNOC	Snowcap
SNOW	Snowy Owl
SNPI	Scaly-naped Pigeon
SNPL	Snowy Plover
SOBE	Southern Bentbill
SOBT	Southern Beardless-Tyrannulet
SOBW	Spot-breasted Wren
SOCW	Socorro Wren
SODO	Socorro Dove
SOEA	Solitary Eagle
SOFL	Social Flycatcher
SOGR	Sooty Grouse
SOLA	Southern Lapwing
SOMA	Southern Martin
SOMO	Socorro Mockingbird
SONW	Song Wren
SOOT	Sooty Thrush
SOPA	Socorro Parakeet
SORA	Sora
SOSA	Solitary Sandpiper
SOSH	Sooty Shearwater
SOSN	Solitary Snipe
SOSP	Song Sparrow
SOTE	Sooty Tern
SOTH	Song Thrush
SPAN	Spotted Antbird
SPBA	Spotted Barbtail
SPCA	Spot-crowned Antvireo
SPCE	Spot-crowned Euphonia
SPCR	Spotted Crake
SPDO	Spotted Dove
SPEI	Spectacled Eider
SPEO	Spectacled Owl
SPFL	Spotted Flycatcher
SPGR	Spruce Grouse
SPMO	Speckled Mourner
SPOW	Spotted Owl
SPPA	Spectacled Parrotlet
SPPI	Sprague's Pipit
SPRA	Spotted Rail
SPRE	Spotted Redshank
SPSA	Spotted Sandpiper
SPSK	South Polar Skua
SPTA	Speckled Tanager
SPTH	Spectacled Thrush
SPTN	Spot-tailed Nightjar
SPTO	Spotted Towhee
SPTS	Sharp-tailed Sandpiper
SPWO	Spotted Woodcreeper
SPWQ	Spotted Wood-Quail
SPWR	Spotted Wren
SRCA	Scarlet-rumped Cacique
SRFL	Sulphur-rumped Flycatcher
SRWS	Southern Rough-winged Swallow
SSAL	Streaked Saltator
SSHA	Sharp-shinned Hawk
SSPA	Striped Sparrow
SSTP	Swinhoe's Storm-Petrel
STAL	Short-tailed Albatross
STCA	Streak-crowned Antvireo
STCU	Striped Cuckoo
STCW	Strickland's Woodpecker
STDA	Scarlet-thighed Dacnis
STEI	Steller's Eider
STFG	Scaly-throated Foliage-gleaner
STFL	Scissor-tailed Flycatcher
STGN	Slate-throated Gnatcatcher
STGR	Sharp-tailed Grouse
STGU	Swallow-tailed Gull
STHA	Short-tailed Hawk
STHJ	Silvery-throated Jay
STHM	Stripe-tailed Hummingbird
STHR	Stripe-throated Hermit
STJA	Steller's Jay
STKI	Swallow-tailed Kite
STLE	Scaly-throated Leaftosser
STOF	Stolid Flycatcher
STOW	Stygian Owl
STPE	Stejneger's Petrel
STPW	Striped Woodhaunter
STRE	Slate-throated Redstart
STRF	Streaked Flycatcher
STRH	Striated Heron
STRO	Striped Owl
STRS	Streaked Shearwater
STSA	Stilt Sandpiper
STSC	Stejneger's Scoter
STSE	Steller's Sea-Eagle
STST	Sharp-tailed Streamcreeper
STSW	Short-tailed Swift
STTA	Silver-throated Tanager
STTR	Slaty-tailed Trogon
STTS	Short-tailed Shearwater
STWR	Stripe-throated Wren
STXE	Streaked Xenops
SUNB	Sunbittern
SUNG	Sungrebe
SURF	Surfbird
SURT	Sulphur-rumped Tanager
SUSC	Surf Scoter
SUTA	Summer Tanager
SUWR	Sumichrast's Wren
SVAM	St. Vincent Amazon
SVWR	St. Vincent Wren
SWFG	Slaty-winged Foliage-gleaner
SWHA	Swainson's Hawk
SWPA	Sulphur-winged Parakeet
SWSP	Swamp Sparrow
SWTA	Swallow Tanager
SWTH	Swainson's Thrush
SWWA	Swainson's Warbler
TABG	Taiga Bean-Goose
TACH	Tacarcuna Chlorospingus
TACR	Tamaulipas Crow
TAFL	Taiga Flycatcher
TAHU	Talamanca Hummingbird
TAPE	Tahiti Petrel
TAPO	Tamaulipas Pygmy-Owl
TATA	Tacarcuna Tapaculo
TAWA	Tacarcuna Warbler
TAWQ	Tacarcuna Wood-Quail
TBEU	Thick-billed Euphonia
TBFL	Tawny-breasted Flycatcher
TBHU	Tooth-billed Hummingbird
TBKI	Thick-billed Kingbird
TBLO	Thick-billed Longspur
TBMO	Turquoise-browed Motmot
TBMU	Thick-billed Murre
TBPA	Thick-billed Parrot
TBSF	Thick-billed Seed-Finch
TBVI	Thick-billed Vireo
TBWA	Thick-billed Warbler
TCEU	Tawny-capped Euphonia
TCFL	Tawny-chested Flycatcher
TCGR	Tawny-crowned Greenlet
TCHU	Turquoise-crowned Hummingbird
TCNI	Tawny-collared Nightjar
TCTA	Tawny-crested Tanager
TESA	Terek Sandpiper
TEST	Temminck's Stint
TEWA	Tennessee Warbler
TFGN	Tawny-faced Gnatwren
TFQU	Tawny-faced Quail
THAN	Thicket Antpitta
THTI	Thicket Tinamou
TIHA	Tiny Hawk
TIWR	Timberline Wren
TMHU	Tres Marias Hummingbird
TOMO	Tody Motmot
TOSH	Townsend's Shearwater
TOSO	Townsend's Solitaire
TOSP	Townsend's Storm-Petrel
TOTY	Torrent Tyrannulet
TOWA	Townsend's Warbler
TRBL	Tricolored Blackbird
TRES	Tree Swallow
TRHE	Tricolored Heron
TRJA	Transvolcanic Jay
TRKI	Tropical Kingbird
TRMO	Tropical Mockingbird
TRMU	Tricolored Munia
TROP	Tropical Pewee
TRPA	Tropical Parula
TRPE	Trindade Petrel
TRPI	Tree Pipit
TRSO	Tropical Screech-Owl
TRSP	Tristram's Storm-Petrel
TRUS	Trumpeter Swan
TSBL	Tawny-shouldered Blackbird
TTLE	Tawny-throated Leaftosser
TUBG	Tundra Bean-Goose
TUCO	Turquoise Cotinga
TUDU	Tufted Duck
TUFL	Tufted Flycatcher
TUJA	Tufted Jay
TUPU	Tufted Puffin
TUQD	Tuxtla Quail-Dove
TUSW	Tundra Swan
TUTI	Tufted Titmouse
TUVU	Turkey Vulture
TWBE	Three-wattled Bellbird
TWWO	Tawny-winged Woodcreeper
UAIH	Ula-ai-hawane
UNIC	Uniform Crake
UNJA	Unicolored Jay
UNWV	Unidentified Warbling-Vireo
UPSA	Upland Sandpiper
USWO	Unspotted Saw-whet Owl
VABU	Varied Bunting
VAFL	Variegated Flycatcher
VASE	Variable Seedeater
VASO	Varied Solitaire
VASW	Vaux's Swift
VATH	Varied Thrush
VBHU	Violet-bellied Hummingbird
VCAH	Violet-capped Hummingbird
VCHU	Violet-crowned Hummingbird
VEER	Veery
VEFL	Vermilion Flycatcher
VEGU	Vega Gull
VEHU	Vervain Hummingbird
VELM	Velvety Manakin
VERD	Verdin
VERM	Veraguan Mango
VESC	Velvet Scoter
VESP	Vesper Sparrow
VETR	Venezuelan Troupial
VEWR	Veracruz Wren
VGSW	Violet-green Swallow
VHHU	Violet-headed Hummingbird
VIDA	Viridian Dacnis
VIQD	Violaceous Quail-Dove
VIRA	Virginia Rail
VISA	Violet Sabrewing
VITW	Vitelline Warbler
VIWA	Virginia's Warbler
VIWE	Village Weaver
VOHU	Volcano Hummingbird
VOJU	Volcano Junco
WAAL	Wandering Albatross
WAJA	Wattled Jacana
WATA	Wandering Tattler
WAVA	Waved Albatross
WAWE	Warbling White-eye
WBAA	Wing-banded Antbird
WBCH	White-bellied Chachalaca
WBEA	White-bellied Antbird
WBEM	White-bellied Emerald
WBGN	White-browed Gnatcatcher
WBMG	White-bellied Mountain-gem
WBNU	White-breasted Nuthatch
WBWO	Wedge-billed Woodcreeper
WBWR	White-bellied Wren
WBWW	White-breasted Wood-Wren
WCAL	White-capped Albatross
WCCO	White-crested Coquette
WCEL	White-crested Elaenia
WCHP	White-cheeked Pintail
WCHS	White-chinned Swift
WCOM	White-collared Manakin
WCPA	White-crowned Parrot
WCPE	White-chinned Petrel
WCPI	White-crowned Pigeon
WCRM	White-crowned Manakin
WCSP	White-crowned Sparrow
WCSW	White-collared Swift
WCTH	White-chinned Thrush
WEBL	Western Bluebird
WECE	Western Cattle-Egret
WECO	White-eared Conebill
WECT	Western Chat-Tanager
WEFL	Western Flycatcher
WEGR	Western Grebe
WEGS	White-eared Ground-Sparrow
WEGU	Western Gull
WEHM	Western House-Martin
WEHU	White-eared Hummingbird
WEKI	Western Kingbird
WEME	Western Meadowlark
WERH	Western Reef-Heron
WESA	Western Sandpiper
WESO	Western Screech-Owl
WESP	Western Spindalis
WETA	Western Tanager
WETH	White-eyed Thrush
WEVI	White-eyed Vireo
WEWA	Worm-eating Warbler
WEWP	Western Wood-Pewee
WEWR	Western Water-Rail
WEWV	Western Warbling-Vireo
WFAM	White-fronted Amazon
WFAQ	White-faced Quail-Dove
WFGS	White-faced Ground-Sparrow
WFIB	White-faced Ibis
WFLA	White-flanked Antwren
WFNU	White-fronted Nunbird
WFRA	White-fringed Antwren
WFRQ	White-fronted Quail-Dove
WFSP	White-faced Storm-Petrel
WFSW	White-fronted Swift
WFTY	White-fronted Tyrannulet
WFWD	White-faced Whistling-Duck
WHAU	Whiskered Auklet
WHCR	Whooping Crane
WHHA	White Hawk
WHHE	Whistling Heron
WHIB	White Ibis
WHIM	Whimbrel
WHIW	Whistling Warbler
WHMO	Whooping Motmot
WHOS	Whooper Swan
WHSO	Whiskered Screech-Owl
WHTE	Whiskered Tern
WHTH	White's Thrush
WHWA	White Wagtail
WHWO	White-headed Woodpecker
WHWR	White-headed Wren
WIFL	Willow Flycatcher
WILL	Willet
WILW	Willow Warbler
WIPH	Wilson's Phalarope
WIPL	Wilson's Plover
WIPT	Willow Ptarmigan
WISA	Williamson's Sapsucker
WISN	Wilson's Snipe
WISP	Wilson's Storm-Petrel
WITU	Wild Turkey
WIWA	Wilson's Warbler
WIWD	West Indian Whistling-Duck
WIWO	West Indian Woodpecker
WIWR	Winter Wren
WLGN	White-lored Gnatcatcher
WLTA	White-lined Tanager
WMCH	West Mexican Chachalaca
WMEU	West Mexican Euphonia
WMHA	Western Marsh Harrier
WNBR	White-naped Brushfinch
WNCR	White-necked Crow
WNJA	White-necked Jacobin
WNPE	White-necked Petrel
WNPU	White-necked Puffbird
WNSW	White-naped Swift
WODU	Wood Duck
WOSA	Wood Sandpiper
WOSJ	Woodhouse's Scrub-Jay
WOSP	Worthen's Sparrow
WOST	Wood Stork
WOTH	Wood Thrush
WOWA	Wood Warbler
WREN	Wrentit
WRET	Wrenthrush
WRFL	White-ringed Flycatcher
WRMA	White-ruffed Manakin
WRSA	White-rumped Sandpiper
WRSH	White-rumped Shama
WRSP	Wedge-rumped Storm-Petrel
WSTA	White-shouldered Tanager
WSWO	White-striped Woodcreeper
WTAH	White-tailed Hummingbird
WTAT	White-tailed Trogon
WTCR	White-throated Crake
WTDO	White-tipped Dove
WTEA	White-tailed Eagle
WTEM	White-tailed Emerald
WTFL	White-throated Flycatcher
WTGF	Wedge-tailed Grass-Finch
WTGS	White-thighed Swallow
WTHA	White-tailed Hawk
WTHH	Wine-throated Hummingbird
WTJA	White-throated Jay
WTKI	White-tailed Kite
WTMG	White-throated Mountain-gem
WTMJ	White-throated Magpie-Jay
WTNE	White-throated Needletail
WTNI	White-tailed Nightjar
WTPT	White-tailed Ptarmigan
WTRS	White-throated Spadebill
WTSA	Wedge-tailed Sabrewing
WTSH	Wedge-tailed Shearwater
WTSI	White-tipped Sicklebill
WTSP	White-throated Sparrow
WTST	White-throated Shrike-Tanager
WTSW	White-throated Swift
WTTH	White-throated Thrush
WTTO	White-throated Towhee
WTTR	White-tailed Tropicbird
WVEU	White-vented Euphonia
WVPL	White-vented Plumeleteer
WWBE	White-winged Becard
WWCR	White-winged Crossbill
WWDO	White-winged Dove
WWPA	White-winged Parakeet
WWPU	White-whiskered Puffbird
WWSC	White-winged Scoter
WWTA	White-winged Tanager
WWTE	White-winged Tern
WWWA	White-winged Warbler
XAHU	Xantus's Hummingbird
YBAM	Yellow-billed Amazon
YBCA	Yellow-billed Cardinal
YBCH	Yellow-breasted Chat
YBCO	Yellow-billed Cotinga
YBCR	Yellow-breasted Crake
YBCU	Yellow-billed Cuckoo
YBEL	Yellow-bellied Elaenia
YBFL	Yellow-bellied Flycatcher
YBIC	Yellow-billed Cacique
YBLO	Yellow-billed Loon
YBMA	Yellow-billed Magpie
YBOR	Yellow-backed Oriole
YBSA	Yellow-bellied Sapsucker
YBSB	Yellow-breasted Bunting
YBSE	Yellow-bellied Seedeater
YBSI	Yellow-bellied Siskin
YBSV	Yellow-browed Shrike-Vireo
YBTA	Yellow-backed Tanager
YBTE	Yellow-billed Tern
YBTY	Yellow-bellied Tyrannulet
YBWA	Yellow-browed Warbler
YBWB	Yellow-browed Bunting
YCAM	Yellow-crowned Amazon
YCBI	Yellow-crowned Bishop
YCCH	Yellow-collared Chlorophonia
YCEU	Yellow-crowned Euphonia
YCNH	Yellow-crowned Night Heron
YCPA	Yellow-chevroned Parakeet
YCTY	Yellow-crowned Tyrannulet
YEBI	Yellow Bittern
YEFL	Yellowish Flycatcher
YEGR	Yellow Grosbeak
YEJU	Yellow-eyed Junco
YEPI	Yellowish Pipit
YERA	Yellow Rail
YETO	Yellow-eared Toucanet
YETY	Yellow Tyrannulet
YEWA	Yellow Warbler
YFCA	Yellow-fronted Canary
YFGR	Yellow-faced Grassquit
YFGU	Yellow-footed Gull
YGBR	Yellow-green Brushfinch
YGGR	Yellow-green Grosbeak
YGTY	Yellow-green Tyrannulet
YGVI	Yellow-green Vireo
YHAM	Yellow-headed Amazon
YHBL	Yellow-headed Blackbird
YHCA	Yellow-headed Caracara
YHOB	Yellow-hooded Blackbird
YHWA	Yellow-headed Warbler
YLAM	Yellow-lored Amazon
YLGU	Yellow-legged Gull
YNAL	Yellow-nosed Albatross
YNAM	Yellow-naped Amazon
YOFL	Yellow-olive Flatbill
YRCA	Yellow-rumped Cacique
YRWA	Yellow-rumped Warbler
YSBL	Yellow-shouldered Blackbird
YSGR	Yellow-shouldered Grassquit
YTBR	Yellow-thighed Brushfinch
YTBU	Yellow-throated Bunting
YTCH	Yellow-throated Chlorospingus
YTEU	Yellow-throated Euphonia
YTNT	Yellow-throated Nightingale-Thrush
YTOR	Yellow-tailed Oriole
YTTO	Yellow-throated Toucan
YTVI	Yellow-throated Vireo
YTWA	Yellow-throated Warbler
YUFL	Yucatan Flycatcher
YUGN	Yucatan Gnatcatcher
YUJA	Yucatan Jay
YUNI	Yucatan Nightjar
YUPO	Yucatan Poorwill
YUVI	Yucatan Vireo
YUWO	Yucatan Woodpecker
YUWR	Yucatan Wren
YWCA	Yellow-winged Cacique
YWFL	Yellow-winged Flatbill
YWTA	Yellow-winged Tanager
YWVI	Yellow-winged Vireo
ZARA	Zapata Rail
ZASP	Zapata Sparrow
ZAWR	Zapata Wren
ZEAN	Zeledon's Antbird
ZEBD	Zebra Dove
ZEND	Zenaida Dove
ZIPE	Zino's Petrel
ZTHA	Zone-tailed Hawk
